locker_ID,locker_name,lng,lat
0,locker0,114.582742,22.487268
1,locker1,114.573747,22.493327
2,locker2,114.574137,22.544038
3,locker3,114.522274,22.52906
4,locker4,114.513613,22.529121
5,locker5,114.500803,22.654874
6,locker6,114.530844,22.650633
7,locker7,114.366678,22.661653
8,locker8,114.521751,22.47233
9,locker9,114.545304,22.491411
10,locker10,114.532508,22.47961
11,locker11,114.525106,22.482742
12,locker12,114.482374,22.51019
13,locker13,114.468487,22.559395
14,locker14,114.460413,22.572317
15,locker15,114.461858,22.570054
16,locker16,114.528318,22.55255
17,locker17,114.46748,22.59845
18,locker18,114.471987,22.595145
19,locker19,114.477293,22.601887
20,locker20,114.074867,22.582784
21,locker21,114.178122,22.557883
22,locker22,114.192926,22.558581
23,locker23,114.201352,22.667059
24,locker24,114.113265,22.666913
25,locker25,114.233843,22.561137
26,locker26,114.288126,22.614773
27,locker27,114.242282,22.603692
28,locker28,114.406277,22.61831
29,locker29,114.369986,22.606675
30,locker30,114.374539,22.612214
31,locker31,114.413744,22.630724
32,locker32,114.406553,22.636832
33,locker33,114.401113,22.637313
34,locker34,114.413403,22.661693
35,locker35,114.402198,22.658653
36,locker36,114.417664,22.695704
37,locker37,114.293896,22.630116
38,locker38,114.273388,22.631991
39,locker39,114.298897,22.787206
40,locker40,114.321345,22.787747
41,locker41,113.966196,22.79186
42,locker42,113.906831,22.808469
43,locker43,114.490523,22.570512
44,locker44,114.530327,22.592852
45,locker45,113.999865,22.523034
46,locker46,114.043149,22.572705
47,locker47,114.050237,22.571091
48,locker48,114.151453,22.561818
49,locker49,114.170137,22.570654
50,locker50,114.125445,22.641066
51,locker51,114.152914,22.634154
52,locker52,114.204541,22.698857
53,locker53,114.26738,22.590384
54,locker54,114.303832,22.585492
55,locker55,114.323017,22.600838
56,locker56,114.306357,22.615263
57,locker57,114.23961,22.588612
58,locker58,114.220037,22.609284
59,locker59,114.430849,22.604325
60,locker60,114.434287,22.619574
61,locker61,114.326841,22.664751
62,locker62,114.376414,22.693249
63,locker63,114.219561,22.628708
64,locker64,114.22656,22.660553
65,locker65,114.274195,22.681443
66,locker66,114.302734,22.693142
67,locker67,114.210695,22.674325
68,locker68,114.242217,22.66475
69,locker69,114.218452,22.68662
70,locker70,114.229825,22.734601
71,locker71,114.268059,22.76399
72,locker72,114.289859,22.783387
73,locker73,114.241672,22.759482
74,locker74,114.338655,22.706948
75,locker75,114.360434,22.709142
76,locker76,114.357539,22.723846
77,locker77,114.380147,22.724329
78,locker78,114.376279,22.730961
79,locker79,114.36198,22.739855
80,locker80,114.403428,22.738587
81,locker81,114.400477,22.768351
82,locker82,114.114418,22.704792
83,locker83,113.891172,22.711624
84,locker84,113.888709,22.724353
85,locker85,113.935552,22.733646
86,locker86,113.906586,22.73614
87,locker87,113.93231,22.75126
88,locker88,113.965004,22.764353
89,locker89,113.944704,22.766307
90,locker90,113.889231,22.765229
91,locker91,113.939937,22.797797
92,locker92,113.947648,22.822904
93,locker93,114.489465,22.535107
94,locker94,114.507827,22.599648
95,locker95,114.077811,22.532325
96,locker96,114.000358,22.537814
97,locker97,113.998648,22.547226
98,locker98,114.018753,22.555869
99,locker99,114.031097,22.543542
100,locker100,114.028572,22.557172
101,locker101,114.085435,22.552471
102,locker102,114.080482,22.556926
103,locker103,114.082864,22.574409
104,locker104,114.057642,22.576955
105,locker105,114.032495,22.564206
106,locker106,114.060472,22.607886
107,locker107,114.033131,22.610296
108,locker108,114.030855,22.620583
109,locker109,114.118152,22.567812
110,locker110,114.136533,22.566011
111,locker111,114.08707,22.559507
112,locker112,114.107675,22.57006
113,locker113,114.104181,22.577601
114,locker114,114.089742,22.571875
115,locker115,114.098192,22.570347
116,locker116,114.146105,22.5556
117,locker117,114.175153,22.564957
118,locker118,114.161649,22.566657
119,locker119,114.165383,22.566938
120,locker120,114.171446,22.604555
121,locker121,114.105524,22.590632
122,locker122,114.124471,22.587749
123,locker123,114.132961,22.587161
124,locker124,114.129432,22.613604
125,locker125,114.123335,22.610672
126,locker126,114.100054,22.632004
127,locker127,114.123934,22.630626
128,locker128,114.138374,22.629763
129,locker129,114.142904,22.638493
130,locker130,114.126176,22.660938
131,locker131,114.104677,22.650045
132,locker132,114.114588,22.65474
133,locker133,114.164425,22.638677
134,locker134,114.186301,22.627671
135,locker135,114.151951,22.651133
136,locker136,114.173477,22.643499
137,locker137,114.150182,22.677322
138,locker138,114.155696,22.685386
139,locker139,114.13135,22.666602
140,locker140,114.119396,22.675186
141,locker141,114.129133,22.689535
142,locker142,114.142459,22.694497
143,locker143,114.140676,22.699641
144,locker144,114.12593,22.696692
145,locker145,114.100674,22.692902
146,locker146,114.10788,22.700424
147,locker147,114.010435,22.631478
148,locker148,114.006661,22.63982
149,locker149,114.000758,22.640638
150,locker150,114.053654,22.623943
151,locker151,114.044946,22.625915
152,locker152,114.073208,22.633845
153,locker153,114.060683,22.644005
154,locker154,114.083302,22.647521
155,locker155,114.048535,22.654119
156,locker156,114.052218,22.661812
157,locker157,114.028856,22.67936
158,locker158,114.059877,22.666172
159,locker159,114.068126,22.665018
160,locker160,114.05877,22.672729
161,locker161,114.059221,22.681115
162,locker162,114.057551,22.687546
163,locker163,114.06632,22.686521
164,locker164,114.076086,22.684499
165,locker165,114.027617,22.685576
166,locker166,114.030021,22.69229
167,locker167,114.041272,22.684732
168,locker168,113.985032,22.67328
169,locker169,114.021231,22.679373
170,locker170,113.980704,22.691663
171,locker171,113.986821,22.687865
172,locker172,113.995804,22.684834
173,locker173,113.986679,22.701197
174,locker174,114.229653,22.547594
175,locker175,114.24122,22.560304
176,locker176,114.300705,22.595792
177,locker177,114.304632,22.605292
178,locker178,114.252946,22.586014
179,locker179,114.258069,22.591253
180,locker180,114.240049,22.595481
181,locker181,114.419401,22.627441
182,locker182,114.436816,22.632539
183,locker183,114.415342,22.635701
184,locker184,114.427164,22.63913
185,locker185,114.349913,22.676793
186,locker186,114.341883,22.679241
187,locker187,114.360933,22.688511
188,locker188,114.377875,22.686204
189,locker189,114.363688,22.702594
190,locker190,114.330215,22.686201
191,locker191,114.339355,22.685857
192,locker192,114.344004,22.694466
193,locker193,114.340144,22.699805
194,locker194,114.331585,22.701578
195,locker195,114.233023,22.632222
196,locker196,114.229377,22.640503
197,locker197,114.247796,22.647481
198,locker198,114.212406,22.644984
199,locker199,114.220768,22.644293
200,locker200,114.234219,22.647762
201,locker201,114.214763,22.658494
202,locker202,114.206336,22.659783
203,locker203,114.284447,22.668695
204,locker204,114.321407,22.68102
205,locker205,114.321415,22.69516
206,locker206,114.322382,22.703328
207,locker207,114.284453,22.695198
208,locker208,114.267929,22.699549
209,locker209,114.212228,22.667076
210,locker210,114.219974,22.664749
211,locker211,114.245678,22.69608
212,locker212,114.208771,22.710178
213,locker213,114.226051,22.703475
214,locker214,114.256701,22.70843
215,locker215,114.261185,22.735249
216,locker216,114.243568,22.739838
217,locker217,114.266374,22.707679
218,locker218,114.285013,22.717848
219,locker219,114.301583,22.713475
220,locker220,114.295995,22.730921
221,locker221,114.323832,22.732625
222,locker222,114.310322,22.730333
223,locker223,114.270739,22.735647
224,locker224,114.269547,22.749724
225,locker225,114.286605,22.764408
226,locker226,114.313923,22.762307
227,locker227,114.299782,22.758463
228,locker228,114.296349,22.765289
229,locker229,114.301607,22.773497
230,locker230,114.318068,22.76937
231,locker231,114.315473,22.776395
232,locker232,114.307654,22.778984
233,locker233,114.291328,22.774195
234,locker234,114.223378,22.751121
235,locker235,114.238709,22.746545
236,locker236,114.372817,22.73798
237,locker237,114.391265,22.712287
238,locker238,114.387013,22.720055
239,locker239,114.394902,22.741882
240,locker240,114.391166,22.74717
241,locker241,114.398041,22.755582
242,locker242,114.365997,22.752653
243,locker243,114.357063,22.753626
244,locker244,114.381226,22.750789
245,locker245,114.375363,22.750412
246,locker246,114.380765,22.757384
247,locker247,114.363854,22.760336
248,locker248,114.328055,22.766908
249,locker249,114.332116,22.795655
250,locker250,114.022271,22.715465
251,locker251,114.000636,22.730163
252,locker252,114.020773,22.739555
253,locker253,113.985994,22.739665
254,locker254,114.031356,22.704569
255,locker255,114.031485,22.715678
256,locker256,114.056575,22.709394
257,locker257,114.070215,22.713996
258,locker258,114.062873,22.73016
259,locker259,114.080961,22.728356
260,locker260,114.066506,22.741161
261,locker261,114.033006,22.72873
262,locker262,114.041816,22.727525
263,locker263,114.050019,22.72548
264,locker264,114.055409,22.731046
265,locker265,114.045843,22.732038
266,locker266,114.036896,22.73501
267,locker267,114.037144,22.745894
268,locker268,114.030031,22.754902
269,locker269,114.0491,22.747491
270,locker270,114.0171,22.745675
271,locker271,114.089166,22.70942
272,locker272,114.091756,22.717243
273,locker273,114.122514,22.704095
274,locker274,114.090701,22.72549
275,locker275,114.091212,22.741487
276,locker276,113.892617,22.719688
277,locker277,113.897662,22.725697
278,locker278,113.894148,22.733705
279,locker279,113.901334,22.738827
280,locker280,113.915481,22.722431
281,locker281,113.941399,22.737794
282,locker282,113.950979,22.742673
283,locker283,113.920436,22.727807
284,locker284,113.911536,22.729635
285,locker285,113.919306,22.750578
286,locker286,113.925581,22.757479
287,locker287,113.907599,22.75982
288,locker288,113.938789,22.760769
289,locker289,113.920219,22.772929
290,locker290,113.934839,22.768062
291,locker291,113.928187,22.771762
292,locker292,113.89472,22.745998
293,locker293,113.905472,22.744905
294,locker294,113.892458,22.754352
295,locker295,113.885863,22.769971
296,locker296,113.904045,22.767151
297,locker297,113.899711,22.775012
298,locker298,113.869395,22.774714
299,locker299,113.864892,22.781068
300,locker300,113.868998,22.786286
301,locker301,113.885992,22.792896
302,locker302,113.904011,22.789765
303,locker303,113.893839,22.791357
304,locker304,113.887815,22.808465
305,locker305,113.94293,22.78919
306,locker306,114.477933,22.590007
307,locker307,114.106986,22.533928
308,locker308,114.099093,22.534791
309,locker309,114.042336,22.507858
310,locker310,114.045728,22.508442
311,locker311,114.051157,22.515488
312,locker312,114.042638,22.516419
313,locker313,114.056127,22.506494
314,locker314,114.057335,22.522172
315,locker315,114.066092,22.519896
316,locker316,114.062259,22.527399
317,locker317,114.071578,22.526561
318,locker318,114.034977,22.518665
319,locker319,114.03925,22.524477
320,locker320,114.030887,22.526345
321,locker321,114.044956,22.531352
322,locker322,114.033301,22.531739
323,locker323,114.017663,22.536455
324,locker324,114.009834,22.537298
325,locker325,114.024101,22.541183
326,locker326,114.016941,22.543501
327,locker327,114.011775,22.551076
328,locker328,114.04205,22.540168
329,locker329,114.055505,22.543631
330,locker330,114.05157,22.547694
331,locker331,114.046844,22.545791
332,locker332,114.043335,22.552666
333,locker333,114.035163,22.553912
334,locker334,114.064767,22.541362
335,locker335,114.069323,22.547672
336,locker336,114.063603,22.5481
337,locker337,114.076256,22.544958
338,locker338,114.063129,22.565344
339,locker339,114.060078,22.57193
340,locker340,114.068353,22.570598
341,locker341,114.036084,22.568047
342,locker342,114.046253,22.566572
343,locker343,114.042341,22.597623
344,locker344,114.071472,22.620569
345,locker345,114.056964,22.614747
346,locker346,114.06642,22.614061
347,locker347,114.025982,22.603401
348,locker348,114.037197,22.604542
349,locker349,114.046717,22.602703
350,locker350,114.055587,22.600847
351,locker351,114.047635,22.615945
352,locker352,114.095901,22.543213
353,locker353,114.106049,22.542007
354,locker354,114.109956,22.547767
355,locker355,114.11402,22.553919
356,locker356,114.107023,22.555253
357,locker357,114.092207,22.551203
358,locker358,114.100093,22.549474
359,locker359,114.097192,22.557417
360,locker360,114.13572,22.54305
361,locker361,114.132154,22.551277
362,locker362,114.141366,22.549108
363,locker363,114.138361,22.557492
364,locker364,114.130321,22.558473
365,locker365,114.123092,22.552098
366,locker366,114.119923,22.560664
367,locker367,114.144848,22.564499
368,locker368,114.130857,22.572133
369,locker369,114.139506,22.57101
370,locker370,114.136086,22.578904
371,locker371,114.123777,22.574905
372,locker372,114.125813,22.579095
373,locker373,114.096098,22.563935
374,locker374,114.102697,22.563819
375,locker375,114.150086,22.547213
376,locker376,114.194782,22.592196
377,locker377,114.148832,22.605377
378,locker378,114.164086,22.610627
379,locker379,114.154784,22.61199
380,locker380,114.158679,22.618809
381,locker381,114.110843,22.58452
382,locker382,114.115385,22.589549
383,locker383,114.118748,22.582094
384,locker384,114.128415,22.595504
385,locker385,114.117253,22.604657
386,locker386,114.134913,22.601031
387,locker387,114.140641,22.607428
388,locker388,114.136773,22.614623
389,locker389,114.145243,22.613582
390,locker390,114.120058,22.619737
391,locker391,114.100534,22.607048
392,locker392,114.106393,22.614063
393,locker393,114.101609,22.621898
394,locker394,114.108926,22.627926
395,locker395,114.087843,22.639101
396,locker396,114.124201,22.624368
397,locker397,114.116446,22.626347
398,locker398,114.142946,22.620827
399,locker399,114.100752,22.656017
400,locker400,114.156624,22.626498
401,locker401,114.147661,22.627779
402,locker402,114.192698,22.634034
403,locker403,114.184,22.637103
404,locker404,114.175487,22.637052
405,locker405,114.180976,22.644393
406,locker406,114.18632,22.650977
407,locker407,114.203459,22.645881
408,locker408,114.195002,22.646947
409,locker409,114.191796,22.654244
410,locker410,114.20055,22.652978
411,locker411,114.121634,22.668433
412,locker412,114.137532,22.673128
413,locker413,114.12697,22.675273
414,locker414,114.125003,22.682223
415,locker415,114.116319,22.684835
416,locker416,114.120931,22.6907
417,locker417,114.141773,22.682807
418,locker418,114.132277,22.702444
419,locker419,114.117205,22.698177
420,locker420,114.111101,22.692406
421,locker421,114.086205,22.696888
422,locker422,114.019169,22.630653
423,locker423,114.015007,22.637198
424,locker424,114.003602,22.64748
425,locker425,114.020409,22.644264
426,locker426,114.017293,22.651796
427,locker427,114.022666,22.658402
428,locker428,114.013388,22.659807
429,locker429,114.008486,22.653526
430,locker430,114.004692,22.661238
431,locker431,114.036136,22.626773
432,locker432,114.028121,22.629293
433,locker433,114.055576,22.6377
434,locker434,114.046239,22.639259
435,locker435,114.032571,22.634221
436,locker436,114.067727,22.627565
437,locker437,114.063501,22.635394
438,locker438,114.066719,22.65087
439,locker439,114.072206,22.656349
440,locker440,114.02964,22.643116
441,locker441,114.050992,22.644837
442,locker442,114.042613,22.646676
443,locker443,114.041685,22.655612
444,locker444,114.031235,22.656453
445,locker445,114.05215,22.667512
446,locker446,114.048476,22.675329
447,locker447,114.038209,22.677213
448,locker448,114.072276,22.691457
449,locker449,114.050483,22.689579
450,locker450,114.050829,22.698818
451,locker451,114.037835,22.69963
452,locker452,113.993562,22.67049
453,locker453,114.001904,22.669463
454,locker454,114.019139,22.66608
455,locker455,114.011606,22.669681
456,locker456,114.016166,22.673371
457,locker457,114.012846,22.68151
458,locker458,113.998639,22.676726
459,locker459,114.003513,22.683696
460,locker460,114.000821,22.690866
461,locker461,113.992677,22.693182
462,locker462,114.226467,22.553974
463,locker463,114.220829,22.556801
464,locker464,114.23493,22.553225
465,locker465,114.250469,22.593651
466,locker466,114.423843,22.633778
467,locker467,114.333341,22.67922
468,locker468,114.348039,22.684369
469,locker469,114.352256,22.690389
470,locker470,114.209645,22.652466
471,locker471,114.214207,22.671625
472,locker472,114.229704,22.676825
473,locker473,114.239867,22.689741
474,locker474,114.249838,22.688641
475,locker475,114.224344,22.694065
476,locker476,114.229346,22.698867
477,locker477,114.220333,22.701348
478,locker478,114.234776,22.706182
479,locker479,114.226785,22.72064
480,locker480,114.218575,22.723758
481,locker481,114.242618,22.703535
482,locker482,114.247992,22.71138
483,locker483,114.239885,22.712729
484,locker484,114.254436,22.715885
485,locker485,114.262123,22.714398
486,locker486,114.245347,22.717989
487,locker487,114.242227,22.726438
488,locker488,114.237373,22.733201
489,locker489,114.263699,22.728617
490,locker490,114.25503,22.730663
491,locker491,114.255966,22.744393
492,locker492,114.213621,22.726456
493,locker493,114.232958,22.72718
494,locker494,114.28913,22.723795
495,locker495,114.312231,22.713287
496,locker496,114.29895,22.721639
497,locker497,114.277357,22.731149
498,locker498,114.285967,22.73223
499,locker499,114.27463,22.740268
500,locker500,114.264857,22.742778
501,locker501,114.280514,22.74717
502,locker502,114.31077,22.769934
503,locker503,114.297949,22.779045
504,locker504,114.248746,22.745705
505,locker505,114.377251,22.744032
506,locker506,114.369184,22.745241
507,locker507,114.006017,22.734209
508,locker508,114.015088,22.726001
509,locker509,114.023222,22.730666
510,locker510,114.015028,22.731365
511,locker511,114.038543,22.713091
512,locker512,114.042635,22.705713
513,locker513,114.054082,22.718524
514,locker514,114.027175,22.722929
515,locker515,114.06271,22.715628
516,locker516,114.067771,22.723589
517,locker517,114.05873,22.724606
518,locker518,113.90103,22.717224
519,locker519,113.905078,22.724121
520,locker520,113.90417,22.730904
521,locker521,113.910211,22.71552
522,locker522,113.918282,22.734249
523,locker523,113.915809,22.758082
524,locker524,113.947678,22.758188
525,locker525,113.913827,22.766038
526,locker526,113.909108,22.773562
527,locker527,113.92316,22.778705
528,locker528,113.928933,22.785191
529,locker529,113.92273,22.785158
530,locker530,113.906694,22.78171
531,locker531,113.901353,22.752987
532,locker532,113.899206,22.760309
533,locker533,113.878078,22.772489
534,locker534,113.896584,22.783075
535,locker535,113.883278,22.778167
536,locker536,113.891031,22.777029
537,locker537,113.874906,22.779625
538,locker538,113.879915,22.786161
539,locker539,113.900434,22.797534
540,locker540,113.895476,22.80464
541,locker541,114.121216,22.537786
542,locker542,114.090171,22.536952
543,locker543,114.067691,22.533532
544,locker544,114.048611,22.522788
545,locker545,114.027422,22.5337
546,locker546,114.048578,22.558008
547,locker547,114.081343,22.538866
548,locker548,114.054085,22.566004
549,locker549,114.039221,22.618763
550,locker550,114.113451,22.539579
551,locker551,114.118461,22.546147
552,locker552,114.125685,22.567206
553,locker553,114.151165,22.619451
554,locker554,114.112017,22.59844
555,locker555,114.108748,22.606146
556,locker556,114.113874,22.611868
557,locker557,114.022287,22.621526
558,locker558,114.023815,22.636305
559,locker559,114.038206,22.64116
560,locker560,114.062041,22.621852
561,locker561,114.059,22.629379
562,locker562,114.034532,22.648622
563,locker563,114.028906,22.66422
564,locker564,114.036582,22.663061
565,locker565,114.034259,22.671172
566,locker566,114.006839,22.675535
567,locker567,114.258929,22.722904
568,locker568,114.268099,22.721396
569,locker569,114.271827,22.727177
570,locker570,113.889221,22.785265
571,locker571,114.059273,22.535801
572,locker572,114.087004,22.544714
573,locker573,114.493494,22.643475
574,locker574,114.015975,22.564536
575,locker575,114.004152,22.551746
576,locker576,114.353482,22.762764
577,locker577,114.007098,22.545613
578,locker578,114.1126,22.577827
579,locker579,114.129809,22.653387
580,locker580,114.045308,22.661991
581,locker581,114.040536,22.690689
582,locker582,114.248491,22.567854
583,locker583,114.427012,22.624214
584,locker584,114.276041,22.721598
585,locker585,114.394854,22.722383
586,locker586,114.043486,22.718949
587,locker587,114.074364,22.707
588,locker588,113.928107,22.739386
589,locker589,113.914864,22.779409
590,locker590,114.066735,22.557772
591,locker591,114.112388,22.561762
592,locker592,114.132135,22.623029
593,locker593,114.187301,22.642232
594,locker594,114.133158,22.681554
595,locker595,114.048529,22.631614
596,locker596,114.042268,22.669566
597,locker597,114.231893,22.69166
598,locker598,114.251443,22.73977
599,locker599,114.011667,22.740135
600,locker600,114.040016,22.560747
601,locker601,114.126833,22.544949
602,locker602,114.503465,22.569293
603,locker603,114.539093,22.595577
604,locker604,114.348723,22.610675
605,locker605,114.314266,22.66194
606,locker606,114.483183,22.575001
607,locker607,114.09723,22.583157
608,locker608,114.396687,22.69599
609,locker609,114.251499,22.702082
610,locker610,113.933445,22.802499
611,locker611,114.037997,22.546431
612,locker612,114.053108,22.610433
613,locker613,114.025283,22.615505
614,locker614,114.131086,22.630365
615,locker615,114.145941,22.67203
616,locker616,114.13985,22.664817
617,locker617,114.080993,22.633056
618,locker618,114.07842,22.639891
619,locker619,114.056294,22.650174
620,locker620,114.271414,22.582168
621,locker621,114.213558,22.636824
622,locker622,114.301431,22.666856
623,locker623,114.220261,22.680172
624,locker624,114.234083,22.710828
625,locker625,114.225084,22.729459
626,locker626,114.367614,22.731624
627,locker627,114.010999,22.75057
628,locker628,114.123667,22.712883
629,locker629,113.895184,22.768544
630,locker630,114.053555,22.529641
631,locker631,114.050238,22.537346
632,locker632,114.022229,22.527476
633,locker633,114.071841,22.541562
634,locker634,114.03046,22.604846
635,locker635,114.042633,22.611094
636,locker636,114.121803,22.596764
637,locker637,114.126271,22.602543
638,locker638,114.131366,22.609299
639,locker639,114.103704,22.600391
640,locker640,114.139348,22.687612
641,locker641,114.134954,22.695433
642,locker642,114.011385,22.645901
643,locker643,113.99998,22.654659
644,locker644,114.040752,22.633166
645,locker645,114.07629,22.626872
646,locker646,114.069565,22.642472
647,locker647,114.075094,22.64882
648,locker648,114.062244,22.658223
649,locker649,113.995283,22.663703
650,locker650,113.989597,22.665569
651,locker651,113.990164,22.679479
652,locker652,113.981887,22.67973
653,locker653,114.02526,22.672025
654,locker654,114.334597,22.693365
655,locker655,114.225402,22.635426
656,locker656,114.235722,22.684165
657,locker657,114.237519,22.697613
658,locker658,114.235802,22.719917
659,locker659,114.246481,22.732639
660,locker660,114.250319,22.724531
661,locker661,114.281129,22.725574
662,locker662,114.048534,22.711606
663,locker663,114.082788,22.704422
664,locker664,114.110789,22.620323
665,locker665,114.02627,22.65042
666,locker666,113.86547,22.537137
667,locker667,113.815265,22.600957
668,locker668,113.854854,22.701456
669,locker669,113.806091,22.661039
670,locker670,113.81526,22.659799
671,locker671,113.965062,22.709018
672,locker672,113.873842,22.836232
673,locker673,113.895019,22.600706
674,locker674,113.860089,22.644794
675,locker675,113.924439,22.661664
676,locker676,113.89068,22.681884
677,locker677,113.768926,22.707678
678,locker678,113.770635,22.725166
679,locker679,113.85764,22.795219
680,locker680,113.880332,22.818271
681,locker681,113.8663,22.824182
682,locker682,113.970592,22.680374
683,locker683,113.974114,22.696077
684,locker684,113.839175,22.584842
685,locker685,113.836195,22.605344
686,locker686,113.892909,22.550505
687,locker687,113.915953,22.568319
688,locker688,113.851747,22.588968
689,locker689,113.867531,22.594466
690,locker690,113.854869,22.594773
691,locker691,113.870479,22.6007
692,locker692,113.850846,22.61047
693,locker693,113.858759,22.618245
694,locker694,113.861017,22.628675
695,locker695,113.864229,22.636926
696,locker696,113.865461,22.650705
697,locker697,113.858557,22.655324
698,locker698,113.856204,22.659719
699,locker699,113.909306,22.653335
700,locker700,113.915574,22.676581
701,locker701,113.945223,22.685633
702,locker702,113.927986,22.690045
703,locker703,113.935638,22.696331
704,locker704,113.923501,22.701656
705,locker705,113.862088,22.667119
706,locker706,113.886591,22.667928
707,locker707,113.904977,22.665576
708,locker708,113.839433,22.640658
709,locker709,113.823383,22.638133
710,locker710,113.79082,22.672595
711,locker711,113.790396,22.679235
712,locker712,113.820555,22.677987
713,locker713,113.830373,22.692817
714,locker714,113.834325,22.687901
715,locker715,113.819566,22.702204
716,locker716,113.787842,22.701931
717,locker717,113.781482,22.676598
718,locker718,113.784387,22.687743
719,locker719,113.783504,22.695694
720,locker720,113.778008,22.703482
721,locker721,113.78498,22.708465
722,locker722,113.77821,22.735667
723,locker723,113.793352,22.707522
724,locker724,113.800423,22.706278
725,locker725,113.815865,22.711255
726,locker726,113.797439,22.715069
727,locker727,113.841989,22.707081
728,locker728,113.842546,22.740373
729,locker729,113.83304,22.744022
730,locker730,113.830228,22.737288
731,locker731,113.791456,22.730848
732,locker732,113.793568,22.743446
733,locker733,113.797584,22.751787
734,locker734,113.816595,22.747446
735,locker735,113.799866,22.765425
736,locker736,113.824931,22.746445
737,locker737,113.839239,22.750302
738,locker738,113.826178,22.759399
739,locker739,113.822262,22.768645
740,locker740,113.835186,22.780144
741,locker741,113.843194,22.780208
742,locker742,113.825125,22.781558
743,locker743,113.79405,22.770023
744,locker744,113.806344,22.776162
745,locker745,113.785623,22.746331
746,locker746,113.847263,22.712232
747,locker747,113.851533,22.718187
748,locker748,113.849887,22.72649
749,locker749,113.854118,22.733594
750,locker750,113.850964,22.741527
751,locker751,113.867438,22.761037
752,locker752,113.863543,22.76629
753,locker753,113.85262,22.776863
754,locker754,113.858242,22.782879
755,locker755,113.872504,22.802248
756,locker756,113.85905,22.799161
757,locker757,113.85586,22.805328
758,locker758,113.865128,22.807772
759,locker759,113.829726,22.789466
760,locker760,113.846313,22.584883
761,locker761,113.836204,22.591502
762,locker762,113.832356,22.596887
763,locker763,113.846308,22.604876
764,locker764,113.840852,22.612197
765,locker765,113.900318,22.551327
766,locker766,113.888657,22.559798
767,locker767,113.902057,22.564742
768,locker768,113.899073,22.57279
769,locker769,113.90478,22.578518
770,locker770,113.89073,22.574276
771,locker771,113.882501,22.575544
772,locker772,113.90992,22.562853
773,locker773,113.906597,22.57174
774,locker774,113.91331,22.577058
775,locker775,113.91899,22.583129
776,locker776,113.874934,22.591702
777,locker777,113.878335,22.583988
778,locker778,113.896524,22.580177
779,locker779,113.897945,22.584767
780,locker780,113.892893,22.587864
781,locker781,113.882837,22.590516
782,locker782,113.859719,22.608253
783,locker783,113.863872,22.601083
784,locker784,113.867269,22.607234
785,locker785,113.851277,22.623941
786,locker786,113.862623,22.623606
787,locker787,113.861907,22.658956
788,locker788,113.914287,22.650929
789,locker789,113.922963,22.647911
790,locker790,113.920206,22.653802
791,locker791,113.916273,22.663709
792,locker792,113.919788,22.670645
793,locker793,113.926946,22.675299
794,locker794,113.932162,22.682516
795,locker795,113.939974,22.680575
796,locker796,113.937073,22.688851
797,locker797,113.92345,22.684561
798,locker798,113.839957,22.621012
799,locker799,113.84488,22.62762
800,locker800,113.835227,22.62781
801,locker801,113.832404,22.635456
802,locker802,113.825232,22.650532
803,locker803,113.817445,22.65188
804,locker804,113.822084,22.658919
805,locker805,113.801328,22.669578
806,locker806,113.809647,22.668384
807,locker807,113.807065,22.676232
808,locker808,113.814193,22.675552
809,locker809,113.797168,22.678942
810,locker810,113.827423,22.665759
811,locker811,113.82965,22.680165
812,locker812,113.82679,22.687147
813,locker813,113.817265,22.68919
814,locker814,113.839157,22.690317
815,locker815,113.822677,22.694939
816,locker816,113.827825,22.701495
817,locker817,113.794104,22.685893
818,locker818,113.797521,22.69181
819,locker819,113.802809,22.685207
820,locker820,113.809155,22.691128
821,locker821,113.812473,22.696544
822,locker822,113.804781,22.698793
823,locker823,113.791489,22.693555
824,locker824,113.780987,22.718331
825,locker825,113.811021,22.705102
826,locker826,113.81275,22.719188
827,locker827,113.802735,22.720555
828,locker828,113.789554,22.715564
829,locker829,113.82522,22.709887
830,locker830,113.833612,22.709194
831,locker831,113.838284,22.713059
832,locker832,113.843492,22.720234
833,locker833,113.835924,22.72123
834,locker834,113.829255,22.716363
835,locker835,113.826204,22.723701
836,locker836,113.818128,22.725387
837,locker837,113.823269,22.732008
838,locker838,113.84086,22.728228
839,locker839,113.83305,22.730401
840,locker840,113.835915,22.736246
841,locker841,113.799474,22.72857
842,locker842,113.81225,22.74042
843,locker843,113.802264,22.742468
844,locker844,113.78799,22.737259
845,locker845,113.79662,22.737441
846,locker846,113.812988,22.754788
847,locker847,113.804695,22.754984
848,locker848,113.809363,22.76328
849,locker849,113.821205,22.753933
850,locker850,113.835865,22.75932
851,locker851,113.844434,22.756235
852,locker852,113.84032,22.764148
853,locker853,113.828188,22.774381
854,locker854,113.819584,22.775723
855,locker855,113.832146,22.766144
856,locker856,113.846648,22.771988
857,locker857,113.83746,22.772499
858,locker858,113.84787,22.748495
859,locker859,113.853812,22.754895
860,locker860,113.862141,22.753945
861,locker861,113.848516,22.762611
862,locker862,113.854785,22.768534
863,locker863,113.806829,22.786342
864,locker864,113.897513,22.558295
865,locker865,113.893833,22.565983
866,locker866,113.86096,22.586982
867,locker867,113.848538,22.59616
868,locker868,113.887326,22.581358
869,locker869,113.93613,22.674446
870,locker870,113.823455,22.673291
871,locker871,113.875725,22.796574
872,locker872,113.816533,22.624128
873,locker873,113.920639,22.691916
874,locker874,113.829583,22.643422
875,locker875,113.809812,22.727796
876,locker876,113.816685,22.761745
877,locker877,113.905459,22.556317
878,locker878,113.921133,22.575246
879,locker879,113.818081,22.666854
880,locker880,113.836017,22.699496
881,locker881,113.814303,22.733246
882,locker882,113.9125,22.591037
883,locker883,113.769809,22.681803
884,locker884,113.841587,22.81875
885,locker885,113.833614,22.615456
886,locker886,113.885436,22.608887
887,locker887,113.92736,22.640332
888,locker888,113.918422,22.642051
889,locker889,113.946417,22.664932
890,locker890,113.954507,22.693407
891,locker891,113.965863,22.698184
892,locker892,113.840898,22.633845
893,locker893,113.794331,22.722201
894,locker894,113.819501,22.739721
895,locker895,113.856373,22.747883
896,locker896,113.881087,22.800229
897,locker897,113.843883,22.58962
898,locker898,113.912026,22.5836
899,locker899,113.881025,22.598074
900,locker900,113.854618,22.602569
901,locker901,113.914395,22.671478
902,locker902,113.796923,22.699281
903,locker903,113.807899,22.711636
904,locker904,113.821158,22.717707
905,locker905,113.805351,22.735247
906,locker906,113.807844,22.750267
907,locker907,113.838938,22.802684
908,locker908,113.840813,22.597826
909,locker909,113.885098,22.568061
910,locker910,113.858632,22.760798
911,locker911,113.812752,22.405848
912,locker912,113.883534,22.46534
913,locker913,113.897498,22.457753
914,locker914,113.849106,22.496183
915,locker915,113.910473,22.471258
916,locker916,113.85079,22.50614
917,locker917,113.927949,22.615941
918,locker918,113.884437,22.481886
919,locker919,113.904753,22.480371
920,locker920,113.89861,22.478851
921,locker921,113.951289,22.52624
922,locker922,113.979595,22.521683
923,locker923,113.974064,22.615684
924,locker924,113.959116,22.598257
925,locker925,113.938388,22.598636
926,locker926,113.945987,22.589825
927,locker927,113.947554,22.635502
928,locker928,113.907792,22.477014
929,locker929,113.913826,22.482983
930,locker930,113.927952,22.47998
931,locker931,113.911994,22.490105
932,locker932,113.948826,22.505712
933,locker933,113.964806,22.53218
934,locker934,113.938313,22.534817
935,locker935,113.932606,22.528885
936,locker936,113.895379,22.528648
937,locker937,113.905954,22.534887
938,locker938,113.899042,22.536856
939,locker939,113.975207,22.543798
940,locker940,113.96682,22.545623
941,locker941,113.984217,22.540569
942,locker942,113.981829,22.550058
943,locker943,113.988404,22.551184
944,locker944,113.96718,22.550283
945,locker945,113.973158,22.56571
946,locker946,113.987555,22.590649
947,locker947,113.983646,22.595268
948,locker948,113.973594,22.624507
949,locker949,113.969248,22.630788
950,locker950,113.912777,22.540387
951,locker951,113.920161,22.544846
952,locker952,113.931554,22.551414
953,locker953,113.908218,22.549993
954,locker954,113.914204,22.555125
955,locker955,113.964866,22.5382
956,locker956,113.943812,22.56396
957,locker957,113.952661,22.562819
958,locker958,113.95662,22.570193
959,locker959,113.940138,22.572796
960,locker960,113.936391,22.579175
961,locker961,113.920165,22.560752
962,locker962,113.929587,22.560276
963,locker963,113.926393,22.588232
964,locker964,113.957156,22.588142
965,locker965,113.941989,22.491765
966,locker966,113.922905,22.494166
967,locker967,113.916008,22.496813
968,locker968,113.914344,22.501885
969,locker969,113.920909,22.502911
970,locker970,113.92868,22.50203
971,locker971,113.926527,22.509256
972,locker972,113.934392,22.507019
973,locker973,113.931253,22.515362
974,locker974,113.917773,22.511246
975,locker975,113.939051,22.500573
976,locker976,113.94267,22.506226
977,locker977,113.94032,22.514026
978,locker978,113.944543,22.520164
979,locker979,113.941809,22.527801
980,locker980,113.947613,22.534249
981,locker981,113.936328,22.522359
982,locker982,113.925363,22.531897
983,locker983,113.928442,22.536472
984,locker984,113.911033,22.527741
985,locker985,113.986826,22.534174
986,locker986,113.972341,22.527775
987,locker987,113.978767,22.536458
988,locker988,113.992537,22.540428
989,locker989,113.975732,22.558834
990,locker990,113.982189,22.562979
991,locker991,113.99464,22.591476
992,locker992,113.921239,22.539261
993,locker993,113.93492,22.543352
994,locker994,113.926582,22.54536
995,locker995,113.922695,22.552284
996,locker996,113.949643,22.548128
997,locker997,113.958586,22.546499
998,locker998,113.954101,22.554967
999,locker999,113.940195,22.550367
1000,locker1000,113.965626,22.568204
1001,locker1001,113.953746,22.577264
1002,locker1002,113.947854,22.57141
1003,locker1003,113.944863,22.578387
1004,locker1004,113.928285,22.571994
1005,locker1005,113.964834,22.588815
1006,locker1006,113.931619,22.632057
1007,locker1007,113.926787,22.487269
1008,locker1008,113.91506,22.518839
1009,locker1009,113.918912,22.525126
1010,locker1010,113.922259,22.517289
1011,locker1011,113.927632,22.523651
1012,locker1012,113.916358,22.533794
1013,locker1013,113.971317,22.5392
1014,locker1014,113.943663,22.542292
1015,locker1015,113.950016,22.58509
1016,locker1016,113.958109,22.583028
1017,locker1017,113.9526,22.541054
1018,locker1018,114.001787,22.603394
1019,locker1019,113.90388,22.542118
1020,locker1020,113.970291,22.55949
1021,locker1021,113.967012,22.581074
1022,locker1022,113.944657,22.585917
1023,locker1023,113.971895,22.551378
1024,locker1024,113.935695,22.564337
1025,locker1025,113.932126,22.494061
1026,locker1026,113.919009,22.489085
1027,locker1027,113.946695,22.556394
1028,locker1028,113.937368,22.558371
1029,locker1029,113.960328,22.573426
1030,locker1030,113.881279,22.56337
1031,locker1031,113.873822,22.579013
1032,locker1032,113.862933,22.563341
1033,locker1033,113.862859,22.579093
1034,locker1034,113.858989,22.571861
1035,locker1035,113.855679,22.566889
1036,locker1036,113.850659,22.573848
1037,locker1037,113.873117,22.554912
1038,locker1038,113.871093,22.561798
1039,locker1039,113.86983,22.584622
1040,locker1040,113.858815,22.579843
1041,locker1041,113.880421,22.550878
1042,locker1042,113.875889,22.569588
1043,locker1043,113.861026,22.554082
1044,locker1044,113.866414,22.570974
1045,locker1045,113.873622,22.491592
1046,locker1046,113.892772,22.522373
1047,locker1047,113.888623,22.502506
1048,locker1048,113.900189,22.515497
1049,locker1049,113.902782,22.517578
1050,locker1050,113.908914,22.511731
